Date,Open,High,Low,Close,Shares Traded,Turnover (â‚¹ Cr),Prev Close,Prev High,Prev Low,Rolling_Mean_7,Rolling_Std_7,Daily Return,Volatility,7-day MA,30-day MA
2023-08-16,-1.399842873278711,-1.3703114162310164,-1.3809679002647854,-1.336592026897373,-0.7507798519144534,-0.7369464869251648,-1.3453582171021365,-1.3701898722357606,-1.4073742971752563,-1.2802765294485878,-0.9632163480325787,,,,
2023-08-17,-1.3497728926283323,-1.3832073751860947,-1.3753400242142835,-1.3977987725791194,-0.3612283283292173,-0.2821062953975422,-1.326641198693869,-1.359896126517271,-1.3704415960801657,-1.300888451999993,-0.832587098690922,-0.7308995393061738,,,
2023-08-18,-1.441132955421421,-1.4365856958610042,-1.4205184988075443,-1.4316082130509402,-0.4772618291851436,-0.3603958532588072,-1.38795556934164,-1.3728089909688668,-1.3648051551879135,-1.3240452208392566,-0.677734923500661,-0.45672452819131026,,,
2023-08-21,-1.4295287538972978,-1.4048628534314131,-1.3939648736852837,-1.3804031711748344,-0.417519342165684,-0.8045167962192221,-1.4218244597946936,-1.4262572860456344,-1.4100523851130136,-1.3452700383081544,-1.0478090271745346,0.40537897426149294,,,
2023-08-22,-1.370310487389279,-1.3941871892964317,-1.341106369343548,-1.3786544070124975,-0.9168719186197105,-0.8509221833866643,-1.3705293797891167,-1.394492857689469,-1.3834583490799541,-1.3582962759386803,-1.3094003661659497,-0.09678516894723815,,,
2023-08-23,-1.3567415533319709,-1.3768202257036268,-1.350247781270884,-1.3494776575672143,-0.7638671317791228,-0.8562958487716618,-1.3687775406277505,-1.383803198674116,-1.3305194014731625,-1.3569017179380036,-1.2891750862475957,0.1804264526744418,,,
2023-08-24,-1.29783027628226,-1.308447311243685,-1.3487553058541752,-1.3846370212520667,-0.3649962803055718,-0.4784470926345182,-1.3395494872512947,-1.3664134684810485,-1.3396747253533963,-1.3611520109528044,-1.311059010137948,-0.4689486227831802,,-1.4092509883493618,
2023-08-25,-1.443803763708718,-1.4574199691728635,-1.4353810664989253,-1.4588214378227256,1.4723002951999922,-0.4186700475527223,-1.3747706746008408,-1.2979509229924013,-1.3381799785974389,-1.378846020744831,-1.211872431451499,-0.8646203197898997,,-1.4271288000670075,
2023-08-28,-1.4432204837379305,-1.4408133805184475,-1.4229437713596933,-1.434123979038863,-0.5510608083196112,-1.0311247727959716,-1.4490855358671626,-1.4471188713035181,-1.4249375715577453,-1.3841044814862369,-1.1654382366706404,0.13684709517848767,,-1.4324418846738582,
2023-08-29,-1.3962510966164836,-1.434091666063087,-1.3860050047961758,-1.4116661655857097,-0.0023652300263332124,-0.6448676616177719,-1.4243446494654304,-1.430490512835191,-1.4124813485914414,-1.3812176575994846,-1.1977660147882105,0.11358110215055721,,-1.429525073023137,
2023-08-30,-1.3602719321025372,-1.388529999754818,-1.37005417378011,-1.4087208785754606,-0.6916807849735244,-0.882536402582724,-1.401847346551059,-1.4237599867884851,-1.37548636638152,-1.3853169475186706,-1.2143237033745242,-0.08461173143218424,,-1.433666945567159,
2023-08-31,-1.395821311374849,-1.4278261765707618,-1.4391433482785423,-1.466184655348349,2.36229784147114,1.4566250312452351,-1.3988968805950766,-1.3781385930420487,-1.3595112604272344,-1.3979878837477508,-1.1295325835256744,-0.6967189099022703,,-1.446469505012552,
2023-09-01,-1.4679024361860618,-1.3850322750382282,-1.4192125828179236,-1.354815990273292,0.6010497179067504,-0.3313199028437254,-1.45646170075712,-1.4174862837766256,-1.4287055790050518,-1.3987606642958967,-1.1552555127295256,1.0194783590685814,,-1.4472503130544372,
2023-09-04,-1.3040314633401258,-1.3323534993066355,-1.3090492411221781,-1.2974442537194746,0.8194640203782735,-0.43455279792277623,-1.3448972067965141,-1.3746362831082435,-1.4087444817015502,-1.3861385820095191,-0.7868796214600443,0.46423365128782473,,-1.4344971150369832,
2023-09-05,-1.2797178982419635,-1.3068657313718366,-1.2512780052004449,-1.2691572263918691,-0.034146499182760956,-0.5063798256328996,-1.2874245886955962,-1.3218884500182355,-1.2984134867775146,-1.3586826662127522,-0.5539564570305815,0.16949647560746375,,-1.406755992537361,
2023-09-06,-1.2695565471718993,-1.2768157138067016,-1.2725768731263796,-1.2469755335959294,1.9028088137280723,0.26095549500299603,-1.2590878219100083,-1.2963672698049424,-1.240554331099032,-1.3315909343524714,-0.3824699954526174,0.10768374839700544,,-1.379382837045987,
2023-09-07,-1.258842615076876,-1.2156511537626888,-1.2361666916062786,-1.1757977641815676,-0.025146346797387885,-0.5461378836373088,-1.236867125179013,-1.2662778592432058,-1.2618856129288274,-1.2974464696734798,-0.06808274498955602,0.5970579289428531,,-1.3448836863217752,
2023-09-08,-1.1506902289142251,-1.1364809151776227,-1.1254747648671144,-1.1187941885040307,-0.18116748207312788,-0.551587642733085,-1.165564197909425,-1.205033117705098,-1.225420020194973,-1.255476491627634,0.19844197035771316,0.45201648151442964,,-1.3024777323228427,
2023-09-11,-1.079959857719575,-1.0507106221273408,-1.0400927337362875,-1.0105548908773647,-0.5456455096704463,-0.6971168645975232,-1.1084603880530037,-1.125759093725139,-1.1145596357948682,-1.1895192277166446,0.25406526342039426,0.9561350805286863,,-1.2358353172076955,
2023-09-12,-0.9447923992256322,-0.9885423671646559,-1.0094348012180792,-1.0124877354778397,0.18924129565191736,0.04447613485740905,-1.0000307641706312,-1.0398763631744352,-1.0290476651311922,-1.139963564749922,0.27512470835840935,-0.13341166244802555,,-1.18576487967118,
2023-09-13,-1.018868955515863,-0.99672400150172,-0.9911208841255619,-0.9653631433138489,-0.5212595726879656,-0.47897974860996984,-1.0019670074542435,-0.9776266109596716,-0.998343075519251,-1.091891285134234,0.3292722751822817,0.34760895655737806,,-1.137193234582877,
2023-09-14,-0.9338635745097927,-0.9536867799889013,-0.9293386205214259,-0.945052934972338,-0.30147049508616813,-0.6990817129151327,-0.9547595521585166,-0.9858189707178753,-0.9800012872013704,-1.044973735073248,0.19553390708516996,0.08392342437787963,,-1.0897883141548637,
2023-09-15,-0.9163651753861164,-0.9203519426899268,-0.8757027852334882,-0.8902890046255123,1.2097361121769332,1.1832139872744734,-0.9344136306703851,-0.9427253310975754,-0.9181249996162543,-0.9933395589080627,-0.06918452065592186,0.4195795123920524,,-1.037617772229828,
2023-09-18,-0.9166721648444265,-0.9368368713542022,-0.8844088918309505,-0.9265221708661847,-0.39637542465510245,-0.7685353415509651,-0.8795534043013268,-0.9093467946849618,-0.8644075380740686,-0.9572542603236718,-0.5189666137180765,-0.4662361178473638,,-1.0011576265958255,
2023-09-20,-1.0242412710362898,-1.024857874222114,-1.0316975595173061,-1.0688163495488598,0.652608682924387,0.7004021100155711,-0.9158502823639918,-0.9258533336773325,-0.8731268941504813,-0.9500194355367202,-0.7781110658548659,-1.499992756024332,,-0.9938476478588656,
2023-09-21,-1.1103211151464456,-1.1476736342707101,-1.1367305169681183,-1.166409661836398,-0.30128164201217567,-0.263428912911386,-1.0583946688624173,-1.0139897245332656,-1.020639714628937,-0.9725810745285631,-0.15291333194211998,-1.0758097199052057,,-1.016643652759881,
2023-09-22,-1.1690788974670012,-1.1781494618013413,-1.1693473234707545,-1.2081959212943112,-0.567451372078976,-0.496625336613066,-1.1561595876747295,-1.1369664855133168,-1.1258325175793722,-1.0009119200263878,0.3853814275936543,-0.5293959948608984,,-1.0452687935597949,
2023-09-25,-1.2100005922597377,-1.217384808622215,-1.2041406566227564,-1.208011840856171,-1.1050481463087498,-0.8538209914163325,-1.198019323425237,-1.1674822642409064,-1.1584989623085047,-1.0360379048268742,0.6360859542822598,-0.11262827051561303,,-1.0807596602452507,
2023-09-26,-1.2071762892432856,-1.2385536469069671,-1.181815711847834,-1.2140558152417862,-0.9524137724531246,-1.0419074327888285,-1.1978349193029885,-1.2067690452375048,-1.1933452460567404,-1.074978938425389,0.64369118739503,-0.17468539683030787,,-1.1201052057121956,
2023-09-27,-1.2352658246786608,-1.219483443452169,-1.2337103258162798,-1.1823019396625343,-0.9645460371776842,-0.9023135203651359,-1.2038895213168275,-1.2279656340542762,-1.170986325832224,-1.1172509226624643,0.05326188128469604,0.20209547686196996,,-1.162816303083819,-1.392628181998604
2023-09-28,-1.158671954830288,-1.1976150602241002,-1.2722037542722036,-1.300665661386935,0.41856375130656565,0.04076022531437804,-1.1720798102288863,-1.2088704311977885,-1.2229599161591276,-1.171412180045438,-0.6207846620146076,-1.2913467098852163,-0.8992151984458349,-1.2175401770538714,-1.3912449870456718
2023-09-29,-1.2695565471718993,-1.2221903782328345,-1.235544826849317,-1.230254893798159,-0.594336510149136,-0.782778453629238,-1.2906516608349525,-1.1869733803942575,-1.261511926239839,-1.1947821297255685,-1.0960110463884576,0.5925451888432294,-0.8972847893375429,-1.2411528892170858,-1.3847944083625285
2023-10-03,-1.2442606158071456,-1.2848756881536252,-1.2799459704963736,-1.2974749337924976,-0.796258839607224,-0.7392184277184172,-1.2201170840747348,-1.2115809145378644,-1.224797209046658,-1.2137552245628016,-1.0349975647446876,-0.7854875319868301,-0.8698303439410999,-1.260323072866127,-1.3796301655493632
2023-10-04,-1.3523823030239681,-1.3854885000012618,-1.3707693182506167,-1.3543251091049175,-0.28259881950750987,-0.32632942364514966,-1.2874553227159704,-1.2743483995254528,-1.2692659250363616,-1.2349089817514112,-0.7399638343242398,-0.6851537414765847,-0.8611319578931317,-1.2816965711620967,-1.3786261384699525
2023-10-05,-1.3059961958733108,-1.313009560874019,-1.2751887051056188,-1.2870437089645308,-0.6744370879473249,-0.6885382045847237,-1.3444054624705175,-1.3750931061430876,-1.3602274932477978,-1.2463496868779813,-0.7923454432936179,0.5641623252662613,-0.8295839816164885,-1.2932561201040265,-1.375099050400392
2023-10-06,-1.2449973905070904,-1.252909525743751,-1.2116963134198384,-1.2209281515990353,-1.3770091297015294,-1.225045971205684,-1.2770057557885308,-1.3025191533408431,-1.2645014197517517,-1.2473445308020323,-0.8097276050884228,0.5486621483296966,-0.8062689657949254,-1.2942612982728916,-1.3701497875030537
2023-10-09,-1.2951901669407935,-1.3057099614654843,-1.2794173854529571,-1.307537997744184,-1.3210035407965595,-1.279113270346543,-1.2107739418807884,-1.2423403322173716,-1.2009124015087687,-1.2654737848108313,-1.037542900372639,-0.9783778872471643,-0.7599464568220975,-1.3125788754394154,-1.367181410972981
2023-10-10,-1.279134618271176,-1.2273305128163448,-1.2265899743490691,-1.1986237385110012,-0.8440784322098287,-0.985975837733889,-1.2975360813989132,-1.2952099847833365,-1.2687365355602944,-1.250702129045703,-0.8649401787521174,0.9797936880430744,-0.731037278809845,-1.2976537745928094,-1.3571635831371025
2023-10-11,-1.1554792644638625,-1.1534828988000017,-1.1075028733909233,-1.1240711610640621,-0.8703015419786515,-0.8804075904359364,-1.1884303090682933,-1.2167277873971092,-1.2158287285109182,-1.2353309021656294,-0.45289944200217175,0.6278112493359205,-0.7043967875410919,-1.2821228744033564,-1.3452262917670572
2023-10-12,-1.1212806388081156,-1.1509888690020866,-1.097739596706626,-1.1347171464031922,-0.8316170669790276,-0.7808561815545646,-1.1137466395574744,-1.142783365490332,-1.096560393608558,-1.2117699779822197,-0.2870288153965926,-0.21980791365559074,-0.7026610808538537,-1.258317203930939,-1.3345635241837004
2023-10-13,-1.2245211936378069,-1.1740434371340405,-1.1831527210753026,-1.1610713291303205,-0.48825611026805216,-0.47620232816654395,-1.124411344627537,-1.1402860662331848,-1.086782258580009,-1.1837944338858406,-0.5731026428576776,-0.37547411288804483,-0.6946392196630023,-1.23005105533419,-1.3250288105542691
2023-10-16,-1.173745137233314,-1.1887034659461821,-1.1479862690691247,-1.1729138373173646,-1.1739398183028138,-1.3473856347102855,-1.1508118681295099,-1.163370856927309,-1.1723253698011025,-1.1672729187185877,-0.7441448110921912,-0.23200565553521701,-0.7224248461777518,-1.2133579178869918,-1.3137376401400314
2023-10-17,-1.108694071017401,-1.1470653343199988,-1.095874002435741,-1.123979120844991,-1.1286946381107466,-1.1577075665540002,-1.162675199994191,-1.1780501037803028,-1.1371053993638787,-1.1532385133614567,-0.701852899005781,0.3717155187536279,-0.7871529626864481,-1.1991777258619503,-1.3048502286747392
2023-10-18,-1.122662091370511,-1.152418373886257,-1.1678237548161983,-1.2101287658947883,-1.0073313919487583,-0.9999245396216487,-1.113654437496349,-1.1363573881335245,-1.0849138251350634,-1.13913748899156,-1.2391325503018715,-0.9669342167500706,-0.7488362671956951,-1.1849302227988208,-1.3014885097712021
2023-10-19,-1.2916597881702272,-1.2492293110419486,-1.2596109929437311,-1.2385998736605315,-0.7166314185022933,-0.5469522675181439,-1.1999555667088517,-1.1417174450756957,-1.1569730749951321,-1.144924460567614,-1.0718937534812427,-0.3982018455451515,-0.7471626012912335,-1.190777308307877,-1.3003120262757994
2023-10-20,-1.2935324238659185,-1.302759706704536,-1.2556621517370237,-1.2889458734919825,-1.0129072050537171,-1.0576588309200379,-1.2284767376166856,-1.2386552930696293,-1.2489000004864563,-1.1687918322097712,-0.8003250019114242,-0.6173904688146246,-0.733171686301539,-1.214892609555525,-1.3019279192694853
2023-10-23,-1.3061496906024659,-1.325236389883316,-1.4178755735904576,-1.4490344945282503,-1.2195341621497164,-1.2145033687527844,-1.2789112650517689,-1.292255862491345,-1.2449451496946535,-1.214292617932488,0.09703461546961048,-1.7203712162627778,-0.611418427494794,-1.2608660485734138,-1.3124477606450689
2023-10-25,-1.45052683284571,-1.4527056445548514,-1.5321121294443012,-1.5469652876190436,-0.7631558862111889,-0.8878964798050827,-1.4392813833675937,-1.3147620106746682,-1.407405437732674,-1.2701548807748861,0.9105299358445572,-1.1101353601248534,-0.5916415463668939,-1.3173085977161214,-1.3289327040806882
2023-10-26,-1.609670168033672,-1.6386021094921992,-1.6790587715143281,-1.7095083144971859,-0.06752780675630786,-0.06161661551841133,-1.5373843764040263,-1.4423983666101285,-1.5218158456781736,-1.3478326496660848,1.9189914178652503,-1.7808479617031956,-0.5534908226011026,-1.395793268133192,-1.3558429922255975
2023-10-27,-1.6701470913207639,-1.6176461761901975,-1.6238371810961365,-1.5929240370081452,-0.9493372438392341,-0.8761961658953342,-1.700213216349837,-1.6285385258746314,-1.6689861200250564,-1.415717423679922,1.6244968110212956,1.097545463696483,-0.43307678277749373,-1.4643832159505137,-1.3781902725966537
2023-10-30,-1.5936146193640521,-1.5675526752491293,-1.6155352865907002,-1.5354602602352567,-1.1816485989469863,-1.134529784601784,-1.5834239389255114,-1.607555121140789,-1.613680490054665,-1.4628126244416308,1.1654977420298045,0.4769707430057387,-0.4222170394266878,-1.5119676324801097,-1.400139485760935
2023-10-31,-1.4833747048848918,-1.5218085189556452,-1.5431191356425218,-1.5730740297619858,-0.941476038868008,-0.9260302994353682,-1.5258591187634678,-1.5573959519149,-1.6053659612246582,-1.5112313229237284,0.5003185303204589,-0.4996998166281502,-0.42930294885176246,-1.5608892949664983,-1.4243188202498385
2023-11-01,-1.5870757439020482,-1.6055410071710454,-1.594578444281094,-1.628574281861372,-1.0521807118551523,-1.0116221358988695,-1.5635390277430021,-1.5115918289545243,-1.532839603003353,-1.5603961543488591,-0.4045246471686337,-0.6847180689113381,-0.4563049207588315,-1.6105648410795308,-1.4527434174721636
2023-11-02,-1.5527236235171462,-1.5573636510747164,-1.538330777013917,-1.5401543114078426,-0.5750036972322894,-0.892138704181,-1.6191368706010543,-1.595434083282925,-1.5843772255264357,-1.5735867188775539,-0.7438593301913925,0.7983649409562852,-0.3820385461558959,-1.6238924266220527,-1.4763687652549002
2023-11-03,-1.4784321746060993,-1.4959253560528831,-1.4470721239298028,-1.480420209231222,-1.0946900848117815,-1.1155842623728838,-1.5305614238808165,-1.5471935708033804,-1.5280439571613256,-1.5639536096308428,-0.5342066981420892,0.49757416712682223,-0.43271576110971194,-1.6141592505137285,-1.4922158561930123
2023-11-06,-1.41405648519847,-1.4066573382860117,-1.3856318859419974,-1.369266304667328,-1.176476300705409,-1.2069247975102204,-1.470722286211038,-1.4856747354443656,-1.4366464211460706,-1.5146999528553473,-0.32373028622074307,1.0186570565336401,-0.3874615977932356,-1.5643939563499014,-1.5000260056625112
2023-11-07,-1.3783229122511726,-1.4063531883106561,-1.3735677096569439,-1.372364992042694,-1.00995223224588,-1.0265192915388361,-1.359372930393055,-1.3962896949598567,-1.3751126796925297,-1.4827716806678766,-0.08492319103859312,-0.14575619875831647,-0.3947281772677237,-1.5321340194929345,-1.506346651429492
2023-11-08,-1.350356172599122,-1.3814737203265663,-1.3285447012529232,-1.3497844582974488,-1.0441673327670395,-1.1377257204544933,-1.3624770664509118,-1.3959851462699604,-1.3630301434152161,-1.4558931296484627,0.1498738636302981,0.1136380644728435,-0.3904630899391231,-1.504976259323459,-1.5118050151165092
2023-11-09,-1.3455671370494824,-1.381777870301922,-1.3429408703765853,-1.3793600486920372,-0.9195211994725063,-0.9541188433653441,-1.3398568274550429,-1.3710730634364576,-1.317938616277195,-1.4278509665393133,0.06047066996686957,-0.41265919259132255,-0.386889940633594,-1.4766427996886176,-1.518169365591654
2023-11-10,-1.4103726116987487,-1.3894424496808846,-1.3733500569920059,-1.3609213248049552,-1.4403539295666432,-1.5131431013567525,-1.3694844230963723,-1.3713776121263537,-1.3323566943606928,-1.3891053487115934,-0.5533681190694515,0.0719084457936062,-0.3914803391922376,-1.437494699933413,-1.525046360481462
2023-11-12,-1.2904011313911563,-1.3310760694101427,-1.2609169089333496,-1.2994384584659977,-2.505173180669483,-2.4583302592653964,-1.3510132768511043,-1.379052239111737,-1.3628121595133045,-1.3542591637647465,-0.8910921056115049,0.5060193764614228,-0.444133026697269,-1.4022865396079507,-1.5249991121483137
2023-11-13,-1.3275468558466796,-1.3632247218052298,-1.320304993223182,-1.3497537782244258,-1.0969177893339397,-1.4577930796627654,-1.2894223000199596,-1.3206093455206727,-1.2502079038979175,-1.3353438054052478,-1.391897137981763,-0.6196362851162543,-0.46113268530415125,-1.383174692191923,-1.5295999185886808
2023-11-15,-1.2264552272251592,-1.2422946916038398,-1.217759494800214,-1.2074595995417483,-0.1499255455656667,-0.4223732748106232,-1.3398260934346684,-1.352800142042691,-1.3096863685620186,-1.3119205605149011,-0.7799703510957438,1.320218736993364,-0.3669092034624125,-1.3595081311982347,-1.5261342533522158
2023-11-16,-1.2121495184679085,-1.1315536855768626,-1.1883141985580832,-1.1523888684646884,-0.23127460722898602,-0.3241571293779171,-1.1972817069362407,-1.231711582939997,-1.206984810204842,-1.2800766724102748,-0.29968316971306413,0.43424388671016995,-0.3748696170551654,-1.3273334549895204,-1.518359540132578
2023-11-17,-1.212118819522078,-1.1736784571636147,-1.1631597691389863,-1.1728831572443417,-0.6562538610102537,-0.7191351233378721,-1.1421141403634343,-1.1208254049488229,-1.1774947023321183,-1.254468323901029,-0.14763453936092444,-0.3177335267834915,-0.39334171143977076,-1.3014590919463593,-1.513964263941409
2023-11-20,-1.1774904086246964,-1.2038197197213552,-1.1612630816302538,-1.1960772924500556,-1.2405123849273383,-1.167021799104328,-1.1626444659738167,-1.1630053984994344,-1.1523019913827681,-1.2279361917480272,-0.3074074513012552,-0.34490115024011136,-0.4130802824212781,-1.274651349174972,-1.5130074851951465
2023-11-21,-1.1530847466890426,-1.1596267283021864,-1.109306281186113,-1.1412213218841587,-1.0441579267181609,-1.0573970323198585,-1.185879385377182,-1.1931861736681386,-1.1504024173804073,-1.1961322750510652,-0.4552680764341894,0.43158926744199716,-0.44503050522869886,-1.2425170595891157,-1.5066041548451514
2023-11-22,-1.1450416228813187,-1.1617861931272109,-1.1405238919855856,-1.1237643603338279,-1.1411933958609821,-1.1064702287521049,-1.1309269569469984,-1.148935249026235,-1.0983665459386731,-1.1707015772425444,-0.5043725052832502,0.05852374567904928,-0.510410812560569,-1.2168221926475393,-1.5037220065230745
2023-11-23,-1.1177502600375493,-1.131614515571933,-1.0889713036334683,-1.129808334719443,-1.2753236436065536,-1.2422195970264498,-1.1134392993537263,-1.1510975447244969,-1.1296316655840963,-1.1388621304054363,-1.2857220943488277,-0.1742680403517528,-0.5427103887842579,-1.1846520038413646,-1.5039428924805438
2023-11-24,-1.1293237626158419,-1.1573456034870193,-1.1001026827830818,-1.1342876253808636,-1.498928509661861,-1.3797000972210123,-1.1194939013675653,-1.120886314686801,-1.0780006213887656,-1.1282697073748185,-1.4033919991352308,-0.1588074346592787,-0.5432866438158196,-1.1739495487844915,-1.5039263555639435
2023-11-28,-1.1078038015883012,-1.106248407627277,-1.0807315956037271,-1.0759954866363433,-0.7232771117482029,-0.5957573242076455,-1.123981068342289,-1.146651133852014,-1.0891489409436086,-1.1172109512548045,-1.1845134280979481,0.4628419604327373,-0.5286026958439898,-1.162775916460966,-1.5006508648684027
2023-11-29,-1.0268199824860953,-0.9920096768837081,-0.98353413409063,-0.9490413444653841,-0.6616815126280449,-0.6569593146115255,-1.0655864296301263,-1.0954869539494672,-1.0697483736735893,-1.0848074634428972,-0.46006128762819687,1.136840510044582,-0.4438351298726867,-1.1300358275322626,-1.4920315876937305
2023-11-30,-0.9458054644380565,-0.9591310645477671,-0.9465020878135674,-0.9266142110852537,1.6582632749543127,1.7445500446695419,-0.938409053319112,-0.9810984660244856,-0.9724029911919245,-1.0457998108316122,-0.20560616364388581,0.10431115707440476,-0.45272779959944204,-1.090622971027225,-1.4844328745150717
2023-12-01,-0.8932488691753663,-0.8783184160957824,-0.842122088357562,-0.8439314142871052,-0.38764764920435757,-0.648454030676977,-0.9159424844251149,-0.9481767526467162,-0.935314587309755,-1.0027639285814272,0.26380934789730964,0.6906327719447458,-0.4761260997160324,-1.0471400404187956,-1.470333971903466
2023-12-04,-0.6428375680318072,-0.6282463063583988,-0.640606813864157,-0.5868937624967954,0.6807947285232318,0.3893183380667423,-0.8331142995149682,-0.86725816574132,-0.830775736065048,-0.9250461882825617,1.642634438480756,2.37171332108939,-0.1865218127526623,-0.968614983378865,-1.4452427445847933
2023-12-05,-0.5157746312372518,-0.5300666943136093,-0.5141195222981674,-0.4836246366999245,1.0505583903008353,1.1000698318410231,-0.5756246768147064,-0.616858232908735,-0.628953783453509,-0.8315042118167829,2.5089933395508464,0.8641731485320517,-0.186748907651671,-0.8741013110904499,-1.4142372071642118
2023-12-06,-0.42868172191467413,-0.47051412913898,-0.4264365915665822,-0.43294115606521394,0.4778978211967746,0.5466910024873943,-0.4721739642330543,-0.5185499158102712,-0.5022739958861971,-0.7299768363535014,2.7103368945221398,0.36196629585608947,-0.3841885023119148,-0.7715192890358918,-1.3751167685253214
2023-12-07,-0.4399482350346543,-0.4831059381187027,-0.42727610898848173,-0.4553682894453421,-0.3026434525489707,-0.43096189947602476,-0.42140136257384614,-0.4589192823286115,-0.4144576239737545,-0.6401344357302828,2.298591193984716,-0.32444767566652094,-0.4716153991423636,-0.6807436230629386,-1.3330893761894536
2023-12-08,-0.4389044708764017,-0.443657686315081,-0.4198759183806378,-0.41348998976835777,-0.14088295012229834,-0.19656337631954196,-0.443867931467841,-0.471527598090311,-0.4152984190239814,-0.5626076699346966,1.9216313104077394,0.2783295652781175,-0.7435068876520258,-0.6024115243322113,-1.2831915927593254
2023-12-11,-0.41974832867785034,-0.43149168730085663,-0.3819421682059804,-0.3964932293133783,-0.877791898413883,-0.7672471837327814,-0.4019159936562082,-0.43202763301078606,-0.40788696635902966,-0.48586700848981246,0.9820243384437736,0.04443753757866705,-0.7838296299810076,-0.5248736958509901,-1.237128011564218
2023-12-12,-0.3870539513678235,-0.42431374788246246,-0.4171086202121583,-0.45214688177788176,-0.5817499286302057,-0.3818443150458244,-0.3848893463685583,-0.4198456854149416,-0.36989548631180263,-0.42915202228394433,-0.7366950688828017,-0.6340733366619145,-0.7315629642497962,-0.4675695654206862,-1.1954195454771053
2023-12-13,-0.4415752791636988,-0.47778331354997955,-0.4778337137294591,-0.43990553264153426,-0.4390171680572349,-0.3353003286194638,-0.44064085932848457,-0.41265833633339155,-0.40511545674902655,-0.4078739096048257,-1.3561665588051162,0.00032481071936174387,-0.7660915399501943,-0.44607041985360574,-1.1517916158558203
2023-12-14,-0.3306599878762547,-0.3190778564094215,-0.2881960560940197,-0.28260879825039836,0.2480531954572225,0.26937109706412643,-0.42837798519893217,-0.466197996017129,-0.4659329653820064,-0.3787747248263753,-0.78574306628178,1.3591051144046813,-0.7533545106060242,-0.4166689584143486,-1.099970825266533
2023-12-15,-0.22195502068864478,-0.14790225027928564,-0.18816910993674782,-0.1145126781550154,1.863772997318454,1.8565627045684505,-0.27080466273721576,-0.30728448962933663,-0.2760067057032868,-0.33267880925623317,0.3972244210787582,1.4412173278216263,-0.6849553182176707,-0.3700942074561548,-1.0450824366475582
2023-12-18,-0.13148522732465592,-0.15368109981104222,-0.10729559829389262,-0.13782953365282352,-0.537251097565829,-0.5439384130447981,-0.10241296510356272,-0.13588448695580585,-0.17582753249678837,-0.2867116904441157,0.7234486759865274,-0.327497964306305,-0.6577312116476688,-0.32364959117160896,-0.9933915789744282
2023-12-19,-0.10517623074747805,-0.1401464259077176,-0.12445906558603179,-0.11669096333968083,-0.5364995681609724,-0.5316791727118291,-0.12577082058842784,-0.14167091206383198,-0.09483094265839755,-0.24374686847421886,0.9240378984078419,0.07901361862985821,-0.6881461942841844,-0.28023845900381145,-0.9451663865377632
2023-12-20,-0.06474571908803729,-0.08664644524266539,-0.2801740007292165,-0.302581525788652,0.5212052255811905,0.12440351925543648,-0.10459508055017691,-0.128118495363455,-0.11202053035189605,-0.2301521486013803,0.7746423210945796,-1.8131407652118523,-0.42964178250454915,-0.26650251983018997,-0.9039788333236165
2023-12-21,-0.3775986760518712,-0.2719650252268393,-0.34892114961132054,-0.23821473258549353,-0.2788941429023326,-0.3278195921479011,-0.29081251000122477,-0.07454838081072834,-0.2679724418900221,-0.19918319019781652,0.30511504884059587,0.48214989000394404,-0.42712344869396784,-0.2352118619217718,-0.8611824743657525
2023-12-22,-0.21679759778903626,-0.20982718526168734,-0.18994142449408746,-0.18032143479027649,-0.21253433832333496,-0.17307125487160854,-0.22633253525484848,-0.2601098975644306,-0.33682421433626664,-0.16160562572735018,-0.44774912147498463,0.4194990751617567,-0.4522527838612559,-0.19724394903447295,-0.815018490462704
2023-12-26,-0.1742181599214225,-0.15711799453255929,-0.12962054306881257,-0.1239007805001873,-0.8171270811157874,-0.8640709954337373,-0.16833743880755703,-0.1978906002186539,-0.17760254426948577,-0.13863094885632746,-0.5651844291081999,0.40361686097047006,-0.4538759630307152,-0.17403061569727904,-0.7673921706487011
2023-12-27,-0.0928966524150736,-0.03630962432131197,-0.02617334074825188,0.007041771163820293,-0.473549460934085,-0.5943079201928114,-0.1118175753382602,-0.14511231225965673,-0.11718986288291174,-0.12103464694969923,-0.08769579772372632,1.082753521940066,-0.4199155073583031,-0.1562515268355048,-0.7170915951784771
2023-12-28,0.040551665112330854,0.04015367948308876,0.08713041797015149,0.08309767218890804,0.7917521601144855,0.490185986969086,0.019355223621483217,-0.02414557263292173,-0.01358522836067972,-0.08905307955201461,0.5599242964072835,0.5740686428391982,-0.4687692362551214,-0.12393774114806592,-0.6619256226022505
2023-12-29,0.05445828757377979,0.02120513601843339,0.08644636673749463,0.05407432310874205,-0.34029574573950516,-0.5364558648182167,0.0955448601306687,0.0524179680069614,0.09989096286234951,-0.0643329845463874,0.8535686495296192,-0.3757143751257099,-0.5008340316301719,-0.09896085861282168,-0.6133555173336037
2024-01-01,0.048379896299238695,0.06016674786148656,0.08890273252749113,0.060517138443662716,-1.4238638562970705,-1.39828870371126,0.06647047685608704,0.033444584626432704,0.0992058705992037,-0.01177058346992143,0.48727707447473073,-0.05634166624361036,-0.49548686731194813,-0.04585244955701369,-0.5666576272659732
2024-01-02,0.06286979873147505,0.012263126742978022,0.011045264955901036,0.013822067301998262,-0.4071176884973601,-0.38986223688038474,0.07292462113479976,0.07245727180212427,0.10166597463504691,0.024714429191097554,-0.05389557191661211,-0.5354967170230291,-0.4772776191858681,-0.008988437694448901,-0.5209684891110743
2024-01-03,0.007458201506499975,-0.03554924938292295,-0.02334385610407707,-0.07726706950457103,0.03975349072291821,0.2454387191466874,0.02614744212431855,0.024490853143486552,0.023690018865986144,0.03963264678432245,-0.4904578830810233,-0.9386683676449218,-0.4144333801568353,0.006084747435963112,-0.4778933649876297
2024-01-04,-0.02649483258259788,-0.030287454809270014,0.01657986129285789,0.009404136786623645,0.29218385616109827,0.11308276802207297,-0.06510186436852997,-0.023384200908181448,-0.01075143763584603,0.05892995415037504,-0.9234414439199964,0.6751788892618112,-0.405777929046548,0.02558251147039263,-0.4335933278273052
2024-01-05,0.0348723601335938,0.008613327038710705,0.056783417830426015,0.041434133023086836,0.015382547816384281,-0.277681989642261,0.021721743190343656,-0.018115508572977813,0.02923303808599003,0.06390861503814145,-0.9229383310900159,0.1754522792881483,-0.40763289280690546,0.030612889717250066,-0.38873221671083513
2024-01-08,0.06056737779414922,0.017342431331418034,-0.027976748543439154,-0.0799362358576087,-0.7060598350622533,-0.7680833086738389,0.05380806046165882,0.0208362688647332,0.06949777882456838,0.04030771944706967,-0.8061504666226477,-1.2103871381889375,-0.29846981305931936,0.006766832621976904,-0.3483112677020268
2024-01-09,0.002853359631848307,-0.0066854167216751385,-0.012461222857249129,-0.06039302934168358,-0.7327891941357102,-0.5040381322714331,-0.06777572414113864,0.02957681626475296,-0.01539138069079243,0.023737350337118573,-0.8171604405199505,0.06362715556427093,-0.3051719632960205,-0.009975666253155843,-0.30696543257183034
2024-01-10,-0.07346421970404489,-0.0569309926504232,-0.055494264038989806,-0.015078561486073548,-0.8400706306205846,-0.7845684675875584,-0.048198153162377584,0.005517469762960072,0.00014775745966990703,0.012794067172573018,-0.9936234802871483,0.29786021150473735,-0.30799901252572115,-0.021032626110654384,-0.2661192485646838
2024-01-11,0.02397423436358485,-0.005438401822717581,0.03473831219613696,0.002409080137282546,-0.8821250288227738,-0.5550952004489836,-0.002804005068763375,-0.04479397380787904,-0.04295077400373987,0.01114191565584682,-1.0172972683903712,0.04411644348011872,-0.3552439390800639,-0.02270193985537512,-0.22948761587440866
2024-01-12,0.07650013068044444,0.11728611323327096,0.11023269369127571,0.1541834013841985,-0.12014617088900156,0.08566638520397622,0.014714386544885464,0.00676611939153369,0.04741912361679422,0.04464683781223297,-0.48156752439311074,1.2600238025877037,-0.29373094769890756,0.011151024903136584,-0.1878760088702527
2024-01-15,0.24816863576745996,0.23122069400148193,0.26470389932053495,0.2786831377132854,0.3512225761165109,-0.008757756974920112,0.1667555853391316,0.1296515157646151,0.12302839702225997,0.08362784281841218,0.45002141420385416,1.0002843525292369,-0.2728330806689084,0.05053695699293935,-0.1446544149140452
2024-01-16,0.26496095913702217,0.23645207357759976,0.2685905540515449,0.23870700256375296,-0.14094785649308414,-0.4695966693689376,0.29147424002016226,0.24373545499969837,0.27773468626375336,0.11218519295966028,0.7965724654729575,-0.46911456174804367,-0.5234366017060039,0.07939095532237243,-0.11286809878818299
2024-01-17,-0.0010454064886892122,0.07059909201618486,0.007811568219700281,-0.043764429762982233,1.3748262910374212,1.6227539076705035,0.2514278114717676,0.24897369246591286,0.28162725594072335,0.11742144736347604,0.6917291840324741,-2.6278447370477163,-0.14542791198631833,0.08468160291652568,-0.09593311497931718
2024-01-18,-0.1441331930070316,-0.11925132260078587,-0.15692040589942757,-0.11107650997639193,0.7385640859651159,0.9148468692753341,-0.03154031411922243,0.08290329186556182,0.020451400894746667,0.11008447342360786,0.8607938865212713,-0.7261751366399727,-0.1243346866986075,0.07726841392115491,-0.08354105840271468
2024-01-19,-0.020723430766366895,-0.03944236906747564,0.023078348003107027,-0.012808236082339153,0.3281624750090048,0.4356739019711746,-0.09897075482158349,-0.10719600036759072,-0.14453127229394977,0.1104131272199477,0.8568743973838147,0.7831356009441254,-0.09917292566283693,0.07760048170908508,-0.06650212826092351
2024-01-20,0.03511795170024278,-0.009209861517127585,0.002432438071981565,-0.04385646998205342,-1.3489998344182184,-1.4224421157409612,-0.0005296875610260607,-0.027282424138852575,0.035741414585884285,0.10371569580268489,0.9389485603784324,-0.3959614944768538,-0.09421453625076569,0.07083347867941434,-0.052270930316502685
2024-01-23,0.04159542927058568,0.009008722006673882,-0.21472273505900843,-0.24818575631810885,1.3166169065818276,1.7387279699174554,-0.0316325161803478,0.0029897156368214523,0.015064084461819314,0.04546847230307919,1.5341969225139729,-1.971360629309255,0.08917070368007697,0.01198119437295859,-0.046560969255468314
2024-01-24,-0.28470366596723196,-0.1539548347888627,-0.24917404259467954,-0.11616940209828115,0.9250113984668307,1.0960042535794137,-0.2363210918766658,0.021232182161599035,-0.20242156852984772,-0.01169064065459491,0.8160247470474699,1.1040825964189342,0.13311482611795666,-0.04577167631130033,-0.033625556847652074
2024-01-25,-0.11932844477557596,-0.16815863863796882,-0.18086219904244905,-0.17835791011677865,1.024005781542912,0.9483335372830581,-0.10407260220380359,-0.14194500588473893,-0.23692530614650822,-0.07206523129536112,-0.35881368222015775,-0.6827220177006326,0.15347690286263896,-0.10677342643421063,-0.02355575584531496
2024-01-29,-0.13252899148291072,0.016916621365919735,-0.06734078765911003,0.0578786521636458,0.6399722076447041,0.44357134209700205,-0.16637046150357018,-0.1561674297028865,-0.1685095015040848,-0.05735131200796714,-0.005036517694422672,2.0544408325543513,0.26154758682238727,-0.0919066618206181,-0.010446705813172405
2024-01-30,0.07785088429700937,0.04720995891133802,-0.022442152206482303,-0.07435246256734503,0.6254696927390164,0.29862007008347935,0.07028149538256324,0.029150448098897958,-0.05481532637914617,-0.05203511478882486,-0.007311391121821466,-1.3069831598243902,0.2324325447486293,-0.08653524098075148,-0.008900504110879665
2024-01-31,-0.0992820331479248,0.0035948524453431434,-0.0553698910875993,0.050576794784070386,0.9539468235165025,1.084156281635654,-0.06218213243292183,0.05948349761255032,-0.009848361470788542,-0.04285945609647614,0.174191234385089,1.0234879712043634,0.28305626621995505,-0.07726426733400306,-0.0016467037642104731
2024-02-01,0.08085938098844936,0.05931512793049218,0.07515952139864075,0.03324255352583145,0.2307295609161176,0.4006082894647912,0.06296679853335682,0.015811215481447344,-0.042826211774078644,-0.031698550823541095,0.3101166568342392,-0.2708762398895159,0.284197473954722,-0.06598742475206196,0.004125861338248517
2024-02-02,0.1005681042119576,0.23806406844698316,0.16644926772060267,0.12917914187010163,1.2524537897312957,0.7950047100637939,0.0456020770215821,0.07160453547041648,0.08790184825728198,0.022929039648828663,0.1268917718600885,0.7523385341988428,0.1673926518522654,-0.01079237351535705,0.020749006148327948
2024-02-05,0.16706202088192723,0.13921532645640997,0.1175706978234221,0.0788024619656276,1.2344290292334645,0.3793917323201476,0.14170735873365123,0.2505878005223609,0.17933052482995235,0.051153294726221175,0.024974702594571907,-0.5663667462126909,0.17175989972737835,0.017725069623608636,0.032954431808998444
2024-02-06,0.10821214172387982,0.13136825709223657,0.12416246424721411,0.17556741228153178,0.5868333322278448,0.29812364920839834,0.09124209727819355,0.15160947630612434,0.13037756857237884,0.10238775681477826,-0.44743883018314606,0.7568412504425953,0.19007214383269835,0.069491745320082,0.04665644842215048
2024-02-07,0.2431954065428348,0.1933540220697085,0.20040308345070723,0.17624237388804637,0.35789652457723,0.04247958082697497,0.18817719754038423,0.143752120106806,0.136979366744519,0.11952216689952622,-0.2590954042809978,-0.10842862541350105,0.1826838278156992,0.08680414431774093,0.05821220950202137
2024-02-08,0.22146055289448027,0.1676533491521595,0.07923273555673875,0.045821383465438466,1.6998207464973576,1.0383342795841823,0.18885334598862943,0.20581914310763239,0.21333601352796344,0.13691861176784154,-0.7617294798159088,-1.2803128462296225,0.19117389005869567,0.10438130006523517,0.059705256829526335
2024-02-09,0.04791941211177352,0.04197857933522242,0.05721872316029959,0.0854293577386884,0.3853190584843214,0.1409847011851389,0.058203025375259336,0.18008477881141088,0.09198126127874606,0.14196389166837817,-0.8197973144486395,0.24306351664232906,0.17574633358176694,0.10947898935018519,0.059795028662506744
2024-02-12,0.0932310561583455,0.05855475299210316,0.022922881813866626,-0.016704605356316325,-0.18726082247433215,-0.5162312435462253,0.09788064567915476,0.05424526014633807,0.06993374662838947,0.13473350814894683,-0.6042092197873764,-1.0336546499339048,0.21055953068328007,0.10217349801576707,0.057069981048148186
2024-02-13,0.009422934039685133,0.019076086190944124,0.0033963284452715875,0.061345500415294484,0.5388083170779517,0.025074050363835806,-0.004432908148629863,0.0708431637456762,0.035585711798805486,0.12491386566647474,-0.6152933207125881,0.5933871256574713,0.23323199571108025,0.09225185100077912,0.05710187367302497
2024-02-14,-0.04347134962714569,0.08236969606244607,-0.004781193108772052,0.1207421217886579,0.47704435431638365,0.2640789606549635,0.07375443968491908,0.03131274379715991,0.016029441741707416,0.1309850783636885,-0.5969439697986563,0.42106420175187714,0.23636808642496707,0.09838613027237061,0.06121838469861333
2024-02-15,0.158159326590934,0.13285859197147729,0.15976422158326553,0.16412374504379082,0.3498406004936465,-0.005447680556042943,0.13325550313057505,0.09468932616454048,0.007839475141363942,0.12932848557944426,-0.6358117289885166,0.27493756344390435,0.20654493511051633,0.09671232912511037,0.07051213182898554
2024-02-16,0.22799942835648432,0.20269142631312706,0.2680619690081285,0.24386125483169038,-0.011571382094005364,-0.011170620164574043,0.17671340794057452,0.14524440868729516,0.172635304985564,0.13911703918929028,-0.33165025150679944,0.598964057227077,0.20189714413476084,0.1066025643223218,0.07953892587706672
2024-02-19,0.2790517752734567,0.27447082049705096,0.30046112284582677,0.2939004539329071,-0.8283904586000206,-0.746816022388676,0.25659112689473873,0.21516878788744437,0.28109786646465634,0.17502912834047638,0.06963152658310144,0.33060800488615083,0.20596487362313118,0.1428877012572814,0.08925908921410358
2024-02-20,0.27644236487782076,0.292081104070139,0.3158833688184739,0.3397364830299146,-0.11063021487742394,-0.24889048476509065,0.3067183141260738,0.2870422787029269,0.3135463272918772,0.21184279479783294,0.4503185195039775,0.2917203086219261,0.14440317932815935,0.18008378090777408,0.10541683794267037
2024-02-21,0.3683243097500357,0.31264164240417996,0.2860960469600148,0.2526664357894144,0.5273163772394837,0.01101211378741708,0.3526349405660591,0.30467564784791007,0.3289920437700936,0.2508371236065662,-0.07735435743130699,-0.8834500728828907,0.17991873226802485,0.21948317520519534,0.11746988772893327
2024-02-22,0.2656056369994729,0.3145273722513839,0.20979324128082644,0.3523153129695216,0.33224008523490345,0.3955163519851772,0.2654117907423119,0.32526313928488904,0.29915938976579703,0.29295810474802675,-0.3133753221820892,0.7712814807562414,0.20322451107640027,0.26204170089047335,0.13161485746536059
2024-02-23,0.39358954216895875,0.34190087003338876,0.40309990098233783,0.34940070603229556,-0.7567481613683931,-0.4531939453085618,0.36523588891973635,0.32715134116224404,0.222740461867522,0.3260588715602691,-0.612746403318542,-0.1401800505664808,0.20396148303944073,0.2954863120178856,0.14497432366318355
2024-02-26,0.31942088904123633,0.2838994697330749,0.3341040061974505,0.29377773364081294,-0.9254796117242758,-0.7944153561133378,0.3623161569841282,0.35456072325289417,0.41634130732129987,0.3448276680916689,-1.0604055785748208,-0.6053666308259502,0.14178546131603947,0.314450075150105,0.1503488215588652
2024-02-27,0.27091655462823877,0.2936930989395246,0.3406335861455473,0.34059552507456936,-0.5138034301763407,-0.4528587706301313,0.3065953780445741,0.2964832880897064,0.34724041041573067,0.3588309845761738,-1.1900208523635485,0.3004240928260255,0.09413024214950357,0.32859885535736993,0.15273249996621852
2024-02-28,0.34698854239748295,0.3003235684022778,0.23504095041346634,0.18891324404672458,-0.9701757937412873,-0.8189157192290899,0.3534954931365528,0.3062897559043603,0.3537799274730402,0.34363296712930724,-0.7534489755428164,-1.454009641631941,0.17193268956232727,0.3132429638669623,0.1508153988487094
2024-02-29,0.17574982255210428,0.19776419671236486,0.20071401582918802,0.20833373027055552,0.4867280716115614,0.9580825910378363,0.20154649640343203,0.31292891734409645,0.24802659448911807,0.3246110183493738,-0.6371112994763368,0.05897646432490186,-0.141539714910785,0.29402341878998434,0.1605213876858013
2024-03-01,0.24519083802185054,0.3758440072830744,0.3170649118567018,0.4267451701243666,0.40645000213438043,0.002413524469413831,0.22100113130069335,0.210235099111126,0.21364741910212104,0.34981077024695556,-0.3377189678132351,1.833300984204849,-0.0012609496101152477,0.3194849407995042,0.1812279696882659
2024-03-02,0.4653943764676942,0.4161438790176927,0.5156263287545392,0.45107446803194884,-2.51951937908996,-2.5093764569128356,0.4397966223490553,0.3885483570452999,0.33017538495189336,0.3641072103876517,-0.05988384913178244,0.0990456992636895,-0.028273707239137635,0.33392988957437875,0.19908783961851734
2024-03-04,0.463276149205354,0.42913108296537855,0.5101850121311252,0.4677644277566939,-0.0820032433616763,-0.5297677711672667,0.4641687005062905,0.42890105845653476,0.5290389846089352,0.3812416204723974,0.19845106139177315,0.03174515347209663,-0.037404386080094686,0.3512422885720354,0.21878566970825816
2024-03-05,0.44347532914435184,0.41453188414830927,0.45474576904800024,0.43751387575559064,-0.10648120208343498,-0.041168242501629766,0.4808880075901921,0.4419052875151001,0.5235893870611772,0.40204895879459973,0.25755018896098736,-0.37914216056735817,-0.2415203459394749,0.3722657694699215,0.24518567585515685
2024-03-06,0.4166137515422171,0.4633783701904197,0.4268862279361189,0.5097654477257725,0.04280645324587379,0.12765471363621123,0.4505842635006176,0.42728695040008674,0.46806577318887876,0.42653810788928564,0.47655404253195566,0.5191025601589087,-0.28779833222051365,0.39700930707310694,0.26928468817771145
2024-03-07,0.5257792029172922,0.48068450378815436,0.5547727152052722,0.5217306762049108,0.6692825031271324,0.3567919002188463,0.5229628814833246,0.4761974699974019,0.44016383374435614,0.4747169779254082,0.023817808815887603,-0.010090620107233675,-0.31999890061347913,0.44568864982236023,0.2962386810307794
2024-03-11,0.5332697457000594,0.48126238874132826,0.4784388162882362,0.4230022012155088,-0.27565722030421014,-0.21718024255304802,0.5349491494295054,0.4935262904524912,0.5682449463953771,0.5057925267494066,-1.1594236394188133,-0.9749177158209491,-0.4933303909927955,0.47708700539172877,0.31029624135087647
2024-03-12,0.42088090501272807,0.4362177773911629,0.44656824749395435,0.42487368566993766,-0.07823404033448565,0.014611165131752011,0.43604707186332786,0.494104932963292,0.49179487793968685,0.5055216094308009,-1.1542055053500293,-0.09803430490438432,-0.6012987965766482,0.47681327383681216,0.3295168632758124
2024-03-13,0.4808973441123548,0.4326896376770383,0.22869792989245988,0.2174763920315391,1.7208746439499991,0.9502114213597779,0.4379218471061916,0.4490012719896782,0.459875806588533,0.471705798548147,-0.03978731004801349,-1.9347809159041038,-0.4406644006445081,0.4426461909005283,0.3359426365840553
2024-03-14,0.2048217242540709,0.2853898046123156,0.23606702726245388,0.3088723295683427,1.103696635558755,0.7001049821925301,0.23015986937239136,0.44546850718688374,0.24167392077630487,0.44870447407201847,0.09391663729144753,0.7000419551607655,-0.41104781331991536,0.41940593314809965,0.34655461220927725
2024-03-15,0.25535218909191476,0.2344750987377883,0.244897506811309,0.23321526949255822,3.2788384421786416,2.7757040723305253,0.3217165160689881,0.2979755766701956,0.24905423288383904,0.41913007366912924,0.39116020859603756,-0.7841701564531737,-0.4181032174757681,0.3895243196371041,0.35056008965196905
2024-03-18,0.20945726507455315,0.23617833859977924,0.2354762557433399,0.2530652767387199,0.4511027309856845,-0.5982702284183643,0.24592642182467397,0.24699412598158813,0.25789815118991527,0.38196998834536533,0.2451668341670458,0.06223123000476195,-0.4314635370123971,0.3519782225885278,0.3572693529590981
2024-03-19,0.1826570853640818,0.14773152576636706,0.15870705149643036,0.10687472878206764,0.3383779167106569,0.06085440022503452,0.26581133300718546,0.2486995986450059,0.24846256229293914,0.32191516896590067,0.20603233623812228,-1.413860798036128,-0.3730576707977363,0.29129956544846636,0.354624627511096
2024-03-20,0.11969354746467842,0.11889810810265658,0.10715446314431534,0.12015920040121225,0.044216304134775265,-0.061597592090716705,0.11936372592115616,0.1601368396232155,0.1715765260334277,0.27807541729494367,0.10670222253848202,0.004904463902253199,-0.3720389116728849,0.2470044149803751,0.3524653786861937
2024-03-21,0.2093344692912309,0.21017351570687462,0.25086740847813943,0.22622021284321714,0.42192002415445246,0.14843463782138638,0.13267155674345296,0.13126562382106535,0.11994548183809929,0.24931821011538494,-0.568193448351298,0.83759872621147,-0.4032405475568752,0.21794848353666432,0.35941088365906854
2024-03-22,0.17390788580224362,0.2708514357903188,0.21479925257436683,0.27825361669095694,0.750751832477496,0.8518295003428749,0.23891906517921577,0.22266068565888827,0.26387713821374026,0.2581163610686979,-0.48398567867587244,0.3489498106928741,-0.39892389411966234,0.2268380279675503,0.36683477800507464
2024-03-26,0.18354735479318154,0.20545919108886268,0.2547540632091494,0.22177160225481954,0.19238727148777654,0.34081403271031896,0.2910439637349143,0.2834181492931627,0.22775409161145888,0.24550760258487211,-0.6813477386211242,-0.6155639045355368,-0.43682775840635474,0.2140982921577125,0.37601631034422134
2024-03-27,0.2486598189007557,0.2786985051544922,0.3202364221172051,0.2947594959775641,0.9405448348637284,0.834394981799439,0.2344626322248665,0.21794018096549855,0.26776970789071025,0.25441678522613775,-0.5376327128491744,0.5357858009754011,-0.4409409793836416,0.22310002165208836,0.385002943309123
2024-03-28,0.31598260710816173,0.4748144092637902,0.3891079439507019,0.41947399281781417,0.9246606501476029,1.4527324755878963,0.30757886669656975,0.2912755054924811,0.33335172180829997,0.27850622024419786,0.07268988847215682,0.9906436768209876,-0.3918846804049297,0.24743969302671384,0.396504368805872
2024-04-01,0.49489606341129544,0.4833001935762122,0.5533735195021086,0.5023715501271259,-0.5931489200250727,-0.7427413853519736,0.4325126595202233,0.4876485007374953,0.40232805648420794,0.33575859981975475,0.45899646332719846,0.6134130871262812,-0.3739384577117052,0.30528679916430695,0.4095271906300133
2024-04-02,0.49722918329445187,0.4636216901707029,0.5287476751264303,0.4970332174210483,-0.1679105689821259,-0.15208750824684766,0.5155559825729928,0.4961454091855973,0.566843621311668,0.39031513001183404,0.34060904742067005,-0.16105339420590728,-0.39521926001486335,0.3604100519603775,0.4192745217586137
2024-04-03,0.4523473244895145,0.47791673901241655,0.5028470079989789,0.48558955018330957,0.018572495772371765,0.10630046311015834,0.5102082630277733,0.4764411089493175,0.5421802998383871,0.427861605609672,0.2677088967443027,-0.21437708319419177,-0.40181526107462945,0.3983465530298975,0.42665471139646105
2024-04-04,0.5790725728799271,0.5374693041870459,0.47629338287671824,0.5346776670208003,0.8650118529352028,1.0042316148701542,0.49874447342796585,0.4907548973744348,0.5162402155110583,0.4649817195257784,0.2843162324883023,0.3144818193740463,-0.40087098715621505,0.43585226345562283,0.4341601091171448
2024-04-05,0.5141750013931713,0.4879536881991517,0.5532802397885634,0.5340947456333547,-0.6060517949965001,-0.43681477406342684,0.5479189060276819,0.5503855308560945,0.48964617947799893,0.5101938228598221,-0.3314871492097584,-0.11953811301154085,-0.44187213604543824,0.48153402130844153,0.444995333116499
2024-04-08,0.570630362776399,0.5850991903277339,0.6296141387055995,0.6277303285008675,-0.7414541390333529,-0.6467627573671674,0.5473349596405598,0.5008050041410065,0.5667501996394199,0.5583948992335347,-0.7304920070216562,0.7008758880771065,-0.4482509839159474,0.5302358010703924,0.45559904028341824
2024-04-09,0.6852909254552255,0.628349316823303,0.6681075671615232,0.6132800141068316,-0.6976839385100103,-0.721815614887806,0.6411351898245172,0.5980778556938253,0.6432002680951102,0.5864503861452359,-0.8466905635494536,-0.23944249534211445,-0.44641474955870225,0.5585827229128499,0.46575861311874345
2024-04-10,0.6577539710448095,0.6327899064634944,0.7063211564768137,0.6814204562918731,-0.28538244468601687,-0.3863365616143009,0.6266594662279763,0.6413846793970538,0.6817522781758217,0.6123696233807451,-0.5396368198360453,0.47549350115124,-0.45254026863473323,0.5847712041337787,0.48068318035212254
2024-04-12,0.6314449744676338,0.6028311338909669,0.6006352410311899,0.5375922739580263,0.4591303905874152,0.6193559668935936,0.6949197254804567,0.6458310902695366,0.720024023239791,0.6182409790396459,-0.6314423252703271,-1.3536410894334028,-0.3566636317037318,0.5907035502910902,0.48826771903083893
2024-04-15,0.4237052080291802,0.4209494486283122,0.4487758673811676,0.3860940733683195,0.4431728757582075,-0.01315669815994178,0.55083863796329,0.6158330443147695,0.6141772685836229,0.6038379484785151,-0.15172770951057307,-1.4333097708995475,-0.3599281614676044,0.5761509038552652,0.49585934495952133
2024-04-16,0.2924672146016077,0.2909557491613241,0.33677802465238493,0.3096393313939285,0.08918342669471421,-0.08685436292671028,0.3990740453524155,0.43371292775689424,0.4620867861650515,0.5712612512334031,0.5652933906383054,-0.7874070874389382,-0.33160452349302194,0.5432358062275191,0.49975969486095884
2024-04-18,0.34591407929339757,0.35954156860401415,0.2635534495201569,0.21634122932967076,1.3832300165204852,1.2405850216916448,0.3224848665783587,0.30354881769529535,0.34991849835348554,0.5252630435486617,1.358481409875466,-0.940280035307929,-0.518091245075684,0.496759778125199,0.4916589681425948
2024-04-19,0.13049957639719345,0.270151890847,0.1490992410013755,0.30908709007950586,0.5086422657554546,0.5846354937182417,0.22902271061852159,0.3722245472668687,0.27658248563937116,0.4791360391058935,1.3070815336574126,0.7121417495913777,-0.4757795880001829,0.4501536153492287,0.4861923359972774
2024-04-22,0.42238515335844806,0.38943951118147146,0.4105933713037269,0.4253032066922662,-0.2630336725498337,-0.2517095755739429,0.32193165421161096,0.2827176873064008,0.16195409379195974,0.45192439302262405,0.9775399367507347,0.9142530398594211,-0.4119881067720644,0.422659299989286,0.48455754367032805
2024-04-23,0.4900149310241642,0.4331762776376068,0.504681509032016,0.44469301284307416,-0.7054308067018596,-0.35946914056682266,0.4383521233914396,0.40216168348365744,0.4238461816584998,0.41765557285312815,0.05114663643114595,0.055715783544757626,-0.4142475208985491,0.3880345019939681,0.4848339464192482
2024-04-24,0.4743584686503486,0.45075614621316196,0.5261669363850388,0.46580090308319605,-0.6648612761035221,-0.6970027240313552,0.45777602426832653,0.4459557850907171,0.5180775083985886,0.4072630068608254,-0.23882579397383472,0.07053315271828635,-0.4358870123323805,0.3775339800513772,0.48314127488419006
2024-04-25,0.4101055750260436,0.5416969888444892,0.477195086774313,0.5688552683689015,1.5513159524460673,2.1907717175739574,0.4789210302862053,0.4635586993667133,0.5395956335728781,0.4337196374660211,0.2843700397220873,0.7873488402275606,-0.38947527710452823,0.4042654369795928,0.484955610877108
2024-04-26,0.5964481762202811,0.5383209241180424,0.5271308267583288,0.47656960871442017,0.20613605143231895,0.6671844876281007,0.5821566047252323,0.5546187576456509,0.49054925564305646,0.4578845740318852,0.2406834590071436,-0.916029394931598,-0.3952334599776846,0.4286813941973876,0.48701800061905093
2024-04-29,0.5075133301478406,0.5598547423732183,0.5621729058131161,0.6136788550561371,-0.1453627036891806,0.254698599046459,0.4897086714377676,0.5512382671878046,0.5405609908527662,0.5154034296585275,-0.07768624715410208,1.084418149522997,-0.31883338508096354,0.48679774448735547,0.49428715667399664
2024-04-30,0.6328264270300293,0.6374434010864339,0.6408387975687581,0.5900245187550694,0.5024222819414635,0.8263299543343959,0.6270590084928499,0.5728003144324479,0.575656399060329,0.556072116321577,-0.4887888151124269,-0.3192544924071992,-0.5260488998884187,0.527888889542195,0.5086305694096456
2024-05-02,0.5641835841518866,0.5931287496771225,0.6404967719524274,0.616624142066386,1.2813180160878284,1.2241560271835,0.6033630787838599,0.6504906852249458,0.6544420093222013,0.5837678605643191,-0.5258400885180916,0.11622162354193671,-0.5564792905462745,0.5558723317789528,0.5204792701550368
2024-05-03,0.6860583991010007,0.6443476055270075,0.5038108983722689,0.5108699303546155,1.2085835051410647,1.3418512566980678,0.6300094744488324,0.6061179411070831,0.6540994631906261,0.5933476746008116,-0.7179808346090357,-1.0298560040310873,-0.5296619651785005,0.5655516590568007,0.5311692055299598
2024-05-06,0.5603462159230103,0.5190986456755665,0.5419933944497118,0.4905290419400816,0.11688005193943142,0.34402536848068554,0.5240693062168178,0.6574039404855889,0.5172055727909464,0.5969273362203832,-0.8062522926854576,-0.2918804817655701,-0.5262503826340877,0.5691685055036937,0.5403117579942535
2024-05-07,0.5162318307638482,0.4645037250992346,0.4316745865647237,0.40450211718237855,-0.09107536360477672,0.17143124427174794,0.5036926507083118,0.5319907899863688,0.5554461772975003,0.5731354661260367,-0.420608275941057,-0.8659177782498589,-0.6022239472613812,0.5451294900992218,0.5517706599911676
2024-05-08,0.3574875818716901,0.38518141152649293,0.40254022270107376,0.40450211718237855,-0.2799078369601773,0.008832572500110486,0.417514457577309,0.47732430015001664,0.4449594795863836,0.5627029287260674,-0.20975772057562125,-0.11446249843526493,-0.6017874034097656,0.5345885815337709,0.5627180987817474
2024-05-09,0.3535581168053198,0.34813594452817875,0.24533281214118258,0.1928096133206995,0.21948165012703594,0.7474443290720305,0.417514457577309,0.39789800182511187,0.4157807772878176,0.5017776209130629,0.7155659489771039,-1.975245704152951,-0.43182930321071095,0.4730303934959575,0.5614317629117719
2024-05-10,0.20997914715368168,0.24080141822518364,0.2564641912907938,0.2527584760084856,-0.3877232219419015,-0.08172075508166984,0.2054497169910336,0.3608039713957645,0.2583341189937364,0.4529547670868215,0.8072009788033307,0.4207692947920583,-0.4275697872047094,0.4237003773784693,0.5604501787906064
2024-05-13,0.23269636706862992,0.2410143232079339,0.17608817145350744,0.2827329073523775,-0.2729742908174448,-0.05288033281899847,0.2655039928034372,0.2533287387314259,0.269482438548577,0.4046204526875662,0.3347037930203367,0.1519679147958173,-0.43885129090943514,0.3748639755403311,0.5627972397397722
2024-05-14,0.28485387603551826,0.32520303638636533,0.33789738121491536,0.3525607535537077,-0.7173099699417103,-0.532489933082627,0.29553113070963793,0.25354192281435456,0.1889840976288379,0.3817035122942822,-0.007214970412790541,0.5048368719175153,-0.44109416387966516,0.3517089784361553,0.5650226362310835
2024-05-15,0.3724686674372222,0.3419312850309239,0.3817388465807079,0.34194544828760076,-0.7015880882207222,-0.5257746631063985,0.36548176108273356,0.33784100017759716,0.3510395584204524,0.3601944537042223,-0.4344011144280324,-0.20812684408754106,-0.5139293355734015,0.32997648793701606,0.5620377227844077
2024-05-16,0.4115177265342697,0.4238692883917256,0.32129359220404025,0.4666906252008738,0.5680859276989063,0.8348823438994268,0.35484779003304545,0.35459117812188334,0.3949477443766738,0.36919690296336843,-0.1895268148599767,0.9870866408420266,-0.471950806644653,0.33907245288472376,0.5606639774981045
2024-05-17,0.4704904014756416,0.46638945494644074,0.5023184229555624,0.5048873161150463,-0.6022537992659925,-0.202115499573866,0.4798123168770734,0.4366365951798965,0.33441050076043627,0.38372873028252386,0.1643534878927834,0.21976865690266056,-0.46532996569717916,0.3537552339941966,0.5609663668302567
2024-05-18,0.5304147437377744,0.47739968405431293,0.5796783987215837,0.5269156085458713,-2.6742720322212783,-2.5407198187336233,0.5180761722437274,0.4792125020273739,0.5157108260349913,0.43209413355440296,0.10922792762854179,0.07775680167663448,-0.46405511103292746,0.4026230476501091,0.5625574544490421
2024-05-21,0.4639208270678048,0.5204977355622019,0.5389462571405991,0.5435135280515474,0.370202073743155,0.10531033899252475,0.5401431988728509,0.49023716460161226,0.5931885328854003,0.47418402582323516,0.006883304806155108,0.03014019413070237,-0.4734716245751607,0.4451501615176083,0.5628976424477159
2024-05-22,0.5695558996723136,0.5438564536695136,0.5878248270377819,0.585698628458766,-0.1602990552236999,-0.09635701799896661,0.5567703038956294,0.5333917139598905,0.552394402670755,0.5180415425642665,-0.1664725467367389,0.25261693634915183,-0.46591357476042394,0.4894632615958599,0.5648844348566208
2024-05-23,0.5925801090455719,0.7653384657234678,0.64646667361926,0.812639128613092,0.5757076537389723,0.8640099293325371,0.5990295819110104,0.5567810533439128,0.6013473589283308,0.5846427902653769,0.7149598457200107,1.8542835212458981,-0.2870189870106165,0.5567563500792443,0.5720035774538194
2024-05-24,0.7869965329933662,0.7852907041067976,0.8520240690329154,0.8061656332051461,-0.42365424525577666,-0.14972679145768647,0.8263691306235739,0.778553409326261,0.6600784502144533,0.6518436090814284,0.7205508930234008,-0.1697168044902969,-0.288146274211624,0.624655237905471,0.5794298342164834
2024-05-27,0.8534290517716747,0.8366312199468232,0.8291394459767291,0.7910403572045955,-0.44145662451720774,-0.21879542215207864,0.8198842523244846,0.7985318033834479,0.865948675290041,0.6987966892825609,0.714059042485058,-0.24362312059281818,-0.3027603428328154,0.6720960575538028,0.5836502915750023
2024-05-28,0.8154851547245455,0.7683495504794887,0.8212417635633164,0.7638578125058355,-0.8317411897560557,-0.594724623847076,0.8047323802796984,0.8499396222379103,0.8430292250320423,0.7362854284026623,0.5019640364265329,-0.3468343409726028,-0.3921978860901131,0.7099742223903069,0.5923617029993153
2024-05-29,0.6838480750011688,0.6630832440089127,0.7136280673711125,0.651292624582864,-0.3494654108796489,-0.18758341257013522,0.7775020382276061,0.781568441356233,0.8351195234484389,0.754290326920957,0.16306830595386768,-1.0785961817352083,-0.44246771148281316,0.7281661522857248,0.6025720677927704
2024-05-30,0.594636938416251,0.5902393249112441,0.5466884733647714,0.5187240290486158,0.6091330446371662,0.3054286454431623,0.6647389174723818,0.676164139783189,0.7273420542324945,0.7507017827663494,0.27646536232162694,-1.2591020108064594,-0.3885741211303723,0.7245403310337527,0.6106220025529994
2024-05-31,0.5643370788810417,0.5586077274742607,0.5766001681746233,0.5445259704613215,2.450941039196331,3.3898382944759646,0.5319372154327742,0.60322472855307,0.5601484014672796,0.7447416017570883,0.4148063383450263,0.1104599722569884,-0.43524172977603975,0.7185182368256511,0.6232573880453215
2024-06-03,1.0369780488952907,0.975262778713911,0.9479778010320893,0.9944185612769251,2.425947174910892,2.4276088629853985,0.5577845265679995,0.5715516648038743,0.5901056177012397,0.771056111801703,1.1372000950253807,3.8000528666616677,0.2572872057637711,0.745106096872598,0.6496432196922752
2024-06-04,0.9397237885026466,0.8784214265606843,-0.15947005140296922,0.14801670670648917,6.472674877306734,5.812709151303158,1.0084682013443973,0.9887529150925592,0.9620484354750753,0.6757820410038737,2.9744150122214803,-7.246899263757419,1.9794471382120349,0.6488423375937511,0.6389674588172998
2024-06-05,0.2943398502972989,0.5687359216536034,0.1579919070259259,0.5995353413923332,3.065943155104118,3.144031149967718,0.1605780472437927,0.8917846122296366,-0.14708479800204116,0.6480596491560282,2.8009570255859058,3.9302056618813466,2.407758581641909,0.6208319709417608,0.6449290172523512
2024-06-06,0.705859219162003,0.7145758348366182,0.6869811625353067,0.7228999150195541,1.6010665281136356,1.7598992331866352,0.6128906251000549,0.5816931361774158,0.17086029321286658,0.6421305570193931,2.7315939853425393,0.9546785097330813,2.432189226606291,0.6148412885514357,0.6548275430470303
2024-06-07,0.7201342289734232,0.9640092296257534,0.778053256192333,1.0105255996142266,1.5375095222255886,1.6307346885271836,0.736472121027218,0.7277242329826017,0.700654596527187,0.6941333583885779,3.549008924873581,2.356289915436491,2.5535287811025267,0.6673842848872548,0.6718322181472867
2024-06-10,1.0254659442086616,1.0197903351059727,1.05049220621721,0.991534634412722,-0.03012695624974404,-0.050677238716450634,1.024603562041179,0.9774846135664031,0.791865289197948,0.7625777321096938,3.887185813556696,-0.2743146913385859,2.5337703289230973,0.7365396454245632,0.6916587999448559
2024-06-11,1.0037310905603047,1.0061340012125053,1.037743978699497,0.9950014826643685,-0.022775429389147166,-0.038854631342950724,1.0055792034291635,1.0333388432933506,1.0647188532748368,0.8277888630776454,3.97929198028378,-0.08524224990812249,2.506781624180202,0.8024281769130622,0.7063400382625206
2024-06-12,1.0409996107991528,1.0380697486248445,1.0932765014961672,1.0306517275175975,-0.11131976629715543,0.1970875070893305,1.0090521477315173,1.0196646071170148,1.0519512247343754,0.833034000016495,4.056700779521119,0.18594177488764393,2.5047068514234843,0.8077277993122921,0.7233045522796027
2024-06-13,1.124807732917813,1.0618542766976522,1.1293135641620922,1.0772547584401908,-0.36478330511805057,0.04817845623780086,1.0447650794070624,1.0516422195561066,1.1075682602789219,0.9675511106040707,1.4141311911983971,0.27725640280959557,2.506039574947222,0.9436422474307772,0.74103921412701
2024-06-14,1.1149840702518896,1.0675418812368034,1.117093921687796,1.118181975853447,-0.7835897165342404,-0.35089048055402317,1.0914500563564182,1.0754579271059816,1.143660166323788,1.0426307379971926,0.4355372098657453,0.22843208376588298,2.4780193879432755,1.0195017873621988,0.7644212329940272
2024-06-18,1.179973738576139,1.1214676718673517,1.2199814457270926,1.1748173906547037,-0.32838740058052196,-0.020842162948599707,1.1324492395364296,1.0811529876070403,1.1314219272593935,1.1080506085384978,-0.6145918976885328,0.35868905294718706,2.4764076994107063,1.0856012267700612,0.7907669035578065
2024-06-19,1.2162291936025629,1.1731427526802702,1.1660035848228265,1.149107489461067,0.19616392521772444,0.888716832520403,1.1891842411483537,1.1351494703256197,1.2344660317481433,1.1281118139176622,-0.538203333891511,-0.3284102268494967,2.457783994451042,1.1058708240412993,0.8194348296958487
2024-06-20,1.189398314946261,1.1488107546518214,1.184472968104584,1.1804011639449674,-0.25304936944043444,0.3415378288402266,1.1634291320742516,1.1868922927389696,1.1804060240743846,1.1554522567589542,-0.570900622124093,0.14641520058697194,2.4564817786789552,1.1334952740748876,0.8493075883291835
2024-06-21,1.2354467336927777,1.1750284825274742,1.1568621728954904,1.1399648277000836,2.8008197761555063,3.6636533598158607,1.1947778328565706,1.1625283975472807,1.1989035151793441,1.1764372457818748,-0.894136117684025,-0.4508279197053338,2.3526878102431104,1.1546982510743515,0.8857738518534376
2024-06-24,1.0642387127932273,1.1087237878999512,1.1268882916099412,1.1625146813723057,-0.6327989931281754,-0.4309673347410805,1.1542703940025536,1.1887804946163247,1.1712507001941508,1.1955258135745808,-1.2229451151568875,0.07364208749533943,2.3512622561611365,1.1739851071894245,0.9208002224249797
2024-06-25,1.1838418057508462,1.2279809932368875,1.2587547133236472,1.2750798692952774,-0.08833643337577,0.42064720584738213,1.176859898978048,1.122388880218972,1.141231202845358,1.2241631065311531,-0.9618761829492631,0.8230588284243145,2.3619882621384707,1.2029198787645685,0.9590064058174375
2024-06-26,1.2734827275773986,1.3105577115459357,1.3261648529782852,1.365586084714401,-0.18366037230436724,0.39494383739931777,1.2896230197332725,1.2418024215272396,1.2732983068455948,1.2599774877969405,-0.37021490892887043,0.6335067880457877,2.3644860504101866,1.2391062928436567,0.9980087236234524
2024-06-27,1.3707676869158734,1.4307273668089366,1.4100855019302532,1.4733958613187406,1.9236867856320277,2.862290562299206,1.3802883798389989,1.3244873908340342,1.340811035322963,1.3031999032828845,0.4500367580024308,0.7710025164938982,2.368348949988756,1.2827776943587479,1.0415705055783284
2024-06-28,1.4962342785272171,1.4833757275429922,1.5222699040861238,1.452594771808853,0.4368158509089252,1.0529053193208122,1.4882877274361257,1.4448145782119877,1.4248593997880992,1.3471329215717198,0.6538388632838124,-0.2840579413538326,2.3585197938329463,1.3271670802801687,1.0795286352217532
2024-07-01,1.439164938227367,1.47729272803588,1.5265607709091598,1.5331913236414094,-0.6039820008909883,-0.12825115334539122,1.4674500616219952,1.4975319564330043,1.5372145309441592,1.398203056762108,0.9349234821730886,0.5435850796415277,2.3617773720721513,1.3787677220826782,1.1191191947754748
2024-07-02,1.583941166766415,1.5213032294698359,1.566173555927614,1.522085137206926,0.018403362966373574,0.4727614330782522,1.5481883331466553,1.491440982635082,1.541511927867535,1.4535190436997836,0.6235827909577284,-0.20464794486550053,2.365296559343886,1.43465832071302,1.1574340493341737
2024-07-03,1.622621838513489,1.5655874658816145,1.6598885748017247,1.6218874147521503,-0.1709009140939736,0.6378594208979692,1.537062617770968,1.5355091780630488,1.5811849980152135,1.5200181422479797,0.20104984456752978,0.6965689205605129,2.371135300623517,1.5018481989379957,1.1989523408803624
2024-07-04,1.670634989793191,1.621459816354439,1.7058443803411876,1.6314902776084852,-0.523157046124608,-0.10446824521698211,1.6370403860502667,1.5798514673119244,1.6750426380663117,1.5716123470055028,-0.16610338148743314,-0.03694858908292738,2.372422267457579,1.5539783542401757,1.239216189181455
2024-07-05,1.5744858914504627,1.5983444182274127,1.6361022478479437,1.6448054293006529,-0.08583267290282137,0.22036855907760353,1.646660134427587,1.6357970616458395,1.7210683819268058,1.612032322687539,-0.4499016220314219,-0.007052362203483911,2.3002541454718743,1.5948182047527986,1.2712552838896634
2024-07-08,1.6457688436700717,1.5871516991343253,1.6806899509220905,1.6427805444811068,-0.38313863031495365,-0.29566003469125995,1.6599986992702582,1.612651361213735,1.6512201116432554,1.636552560654851,-0.5044626330525767,-0.13078218652456364,2.2996963268616457,1.6195931541737605,1.3034656538055374
2024-07-09,1.659000089323237,1.6473733942547362,1.7374972964705337,1.7119027490028995,-0.5292061363943871,-0.023439313767680433,1.6579702539255203,1.6014439694255571,1.6958756709774556,1.6740901537176551,-0.666150935659626,0.4427078995379673,2.2982101953648644,1.6575206804382039,1.3389196217920758
2024-07-10,1.7258316943973475,1.6579882283946472,1.6192808061721329,1.6451735901769353,-0.14252304996730258,0.519857098907759,1.7272140018299964,1.6617446100249873,1.75276946937605,1.690300780158645,-0.8547462375537616,-0.649863459422792,2.3082285900250543,1.6738996997076345,1.3728510122428927
2024-07-11,1.686966828975288,1.6224635112731134,1.6515866802962882,1.639957977762952,-0.011483277735683542,0.2260719638759757,1.6603675075147575,1.6723733593023622,1.63437307008133,1.7073641299631024,-1.344667173420132,-0.15649702179350183,2.271535827500328,1.691140300264659,1.410915450635906
2024-07-12,1.6816866102923549,1.7377667669304246,1.7370308979028126,1.7542105697022121,0.16847602952773028,0.9009407436305105,1.6551427240510377,1.6368020723224974,1.6667281092363049,1.7265193167685762,-1.0261888937958943,0.8066627054342317,2.2251076438210977,1.7104944674178222,1.4584827100334739
2024-07-15,1.8042675009955809,1.7638324198183994,1.8561801853366535,1.806090573184835,-0.02082686674317556,0.17874892279164192,1.7695962159268772,1.7522564806621133,1.7523023610148136,1.7517945702139643,-0.6629888782944074,0.3006249950720216,2.2247082285057056,1.7360322752705135,1.5070539965104521
2024-07-16,1.821643104335935,1.779769878527034,1.8965392080634622,1.8222282915951595,-0.2264041829206394,-0.08615955487709934,1.8215674443807015,1.7783563033862093,1.8716329770320044,1.777478420271014,-0.45121342345189636,0.014210000985106302,1.8730881430070936,1.7619829241568439,1.5389253596359815
2024-07-18,1.7773752244476155,1.8871348198275641,1.844800060284257,1.9374933259441918,0.4010876275691043,0.9835422784359065,1.8377335390978577,1.794314654736766,1.9120534205576616,1.8201412360496816,0.04698012908581466,0.8036097895262305,-0.17227219860862125,1.8050889129519505,1.6078216978252502
2024-07-19,1.9677086885998845,1.89750633398719,1.8471009598850152,1.7718516116906855,0.3348147385885647,0.3594751094013082,1.953201253646065,1.9018203422700937,1.8602355330178368,1.8288194727800058,0.009028446983805062,-1.4237861012018702,-0.7836630212057275,1.8138572975142677,1.6529568492739823
2024-07-22,1.7171745916730032,1.7395916667825584,1.756401985082165,1.7585671400715386,0.15334368002888785,0.26056687355151853,1.7872682776424,1.9122054525955507,1.8625399342666034,1.8452343975268264,-0.2547179493806438,-0.22062585699327436,-0.812692175058112,1.8304427373005177,1.6928308988265952
2024-07-23,1.7927860952547845,1.7318966724060605,1.57724274860153,1.7400363759653854,1.1932747296732018,1.3861368904938147,1.7739604468201011,1.75408377280149,1.7717029282848307,1.8597218121708017,-0.6452595583259849,-0.2626826154901181,-1.2002347563565108,1.8450806443845955,1.7209176704669071
2024-07-24,1.7166834085397076,1.6842667862653724,1.7221683302114295,1.6998148002316669,0.5465074507301212,0.8984749450502738,1.7553970985137077,1.7463786909471175,1.5922710364552235,1.851847444861247,-0.49079335805187435,-0.43657558348751957,-1.1871378740436718,1.837124479681938,1.7481870459437432
2024-07-25,1.5852919203829798,1.6367585601148271,1.662189474402483,1.695274149424198,0.7800869451016953,0.7458807844910287,1.715104797802316,1.6986863661093867,1.7374171745700795,1.8358055865859442,-0.355818801363996,-0.15092377791823733,-1.1847618309571128,1.8209159817090108,1.775148126046785
2024-07-26,1.7034214639407093,1.9013690386742075,1.7866246122704998,1.9583557756001253,0.7059892057605225,1.1322139893800072,1.7105561627868413,1.6511158607476148,1.6773470393150784,1.8555114905636607,0.095353352142801,1.9987149989183775,-0.891026538409576,1.8408265867770814,1.8108655034906274
2024-07-29,2.0226598016373942,1.9856794118427816,2.012796824377431,1.9591227774257112,0.4385417265060701,0.67787655987003,1.9741003875009444,1.9160732209572326,1.8019715500929505,1.858642584163906,0.18492369654448115,-0.10840799259495879,-0.8882318547179558,1.8439902055674777,1.844818155691363
2024-07-30,1.9588673922005546,1.9686470132228675,2.027752671782359,1.9721311283876466,0.7167695108152409,0.7207843539741758,1.974868738010315,2.000494117796434,2.0284879647351857,1.8876351785219263,0.4835648116859183,-0.01178324748690403,-0.8877285614542846,1.873283969345789,1.8776959083129634
2024-07-31,1.9879085949566908,1.9764636675895058,2.0637275479725865,2.0297176254526295,0.24097051478778303,0.524638320401693,1.9878999626492402,1.9834393911622519,2.043466572852168,1.9268871008467068,0.7720601687371373,0.33969925071434387,-0.8883864452283469,1.9129436329905039,1.9106102783927563
2024-08-01,2.076475053679158,2.0334613729711477,2.125851837193051,2.0663803127156304,1.146054733301691,0.8336856797096794,2.0455877188927833,1.991266292492581,2.079496197782201,1.9741288634365146,0.8713894033586019,0.17359393105924997,-0.903764345807021,1.960676133803908,1.945926045004832
2024-08-02,1.9279228548028946,1.8957422641301287,1.9582281919540507,1.886472364506226,0.34644409941109644,0.5207629764170303,2.0823148732406964,2.048338716979113,2.14171503149889,2.001149535016505,0.3266994918535915,-1.524611086407562,-0.7136672751530163,1.9879774908546475,1.9731103734820035
2024-08-05,1.6294370044879725,1.590466933865702,1.4649961599699617,1.4802068375299415,1.662056915174502,1.3992929495609625,1.9020905777627366,1.9104390701941545,1.9738362864705272,1.9700162497147724,1.6953690782225745,-3.336612554336411,-0.07320845915954101,1.9565207990522653,1.9862099738475119
2024-08-06,1.5600573869098875,1.6102670972613518,1.5064745392593006,1.4415192654473945,0.043518412376136406,0.17518067128262224,1.4951106799593354,1.6047635501454252,1.4798536241843305,1.8951986571052133,2.8594729189213473,-0.4297444629638073,-0.06553216925956774,1.8809260158706747,1.996951882388896
2024-08-07,1.6211789880594323,1.5829544294744193,1.6460831771971791,1.6286370308173053,0.09193910247083828,0.010782020900062085,1.4563550802666847,1.6245896698576616,1.5213951277769546,1.8473573234004668,2.9209225479956045,1.414449397798095,0.0012112550050120663,1.8325877157144306,2.0105641271690677
